0,-0.00252
0.1,-0.006138
0.2,-0.00252
0.3,-0.000547
0.4,-0.005809
0.5,-0.006796
0.6,0.002742
0.7,-0.002849
0.8,-0.004494
0.9,-0.00548
1,-0.001205
1.1,-0.002191
1.2,-0.006467
1.3,-0.003507
1.4,-0.000218
1.5,-0.00252
1.6,-0.004823
1.7,-0.000218
1.8,-0.002849
1.9,-0.003178
2,-0.004165
2.1,-0.004823
2.2,-0.004165
2.3,-0.003178
2.4,-0.003836
2.5,-0.002849
2.6,-0.002849
2.7,-0.004494
2.8,-0.003507
2.9,-0.004165
3,-0.000547
3.1,-0.005151
3.2,-0.001205
3.3,-0.000218
3.4,-0.005809
3.5,-0.007125
3.6,-0.001534
3.7,-0.005151
3.8,-0.003836
3.9,-0.000876
4,-0.001205
4.1,0.005702
4.2,-0.005151
4.3,-0.001863
4.4,0.001097
4.5,-0.002849
4.6,-0.000218
4.7,0.001426
4.8,-0.010743
4.9,-0.003507
5,-0.004494
5.1,0.002742
5.2,0.005044
5.3,0.001426
5.4,-0.000218
5.5,0.005702
5.6,-0.005151
5.7,-0.001205
5.8,0.004057
5.9,-0.003836
6,0.000768
6.1,0.000111
6.2,0.002084
6.3,-0.000218
6.4,0.00044
6.5,0.003728
6.6,0.002413
6.7,0.002742
6.8,0.003728
6.9,-0.000876
7,0.004057
7.1,0.004715
7.2,-0.001534
7.3,0.00044
7.4,0.005044
7.5,0.002084
7.6,0.004715
7.7,0.004715
7.8,0.004715
7.9,0.004057
8,0.004715
8.1,0.00636
8.2,0.001755
8.3,-0.001205
8.4,0.004386
8.5,0.0034
8.6,-0.000547
8.7,0.003728
8.8,0.006031
8.9,0.007017
9,0.006688
9.1,0.001426
9.2,-0.000218
9.3,0.001755
9.4,0.005373
9.5,0.004715
9.6,-0.000547
9.7,0.010964
9.8,0.005373
9.9,0.007017
10,-0.000876
10.1,0.0034
10.2,0.0034
10.3,0.009648
10.4,0.001755
10.5,0.009977
10.6,0.011293
10.7,0.00636
10.8,0.007675
10.9,0.010964
11,0.002084
11.1,0.00636
11.2,0.004386
11.3,0.005044
11.4,-0.000547
11.5,0.001755
11.6,0.0034
11.7,0.002084
11.8,0.005044
11.9,0.001755
12,0.003728
12.1,0.006031
12.2,0.002742
12.3,0.007675
12.4,0.0034
12.5,-0.001863
12.6,0.00636
12.7,0.010306
12.8,0.002742
12.9,0.003728
13,0.005702
13.1,0.003728
13.2,0.0034
13.3,0.00636
13.4,0.008004
13.5,0.010306
13.6,0.010635
13.7,0.004386
13.8,0.009648
13.9,-0.000547
14,0.005373
14.1,0.005702
14.2,0.010964
14.3,0.008662
14.4,0.005373
14.5,-0.001863
14.6,0.00636
14.7,0.008333
14.8,0.006031
14.9,0.002084
15,0.007017
15.1,0.004715
15.2,0.00932
15.3,0.008004
15.4,0.007017
15.5,0.0034
15.6,0.008991
15.7,0.008991
15.8,0.005044
15.9,-0.003507
16,0.00636
16.1,0.004386
16.2,0.00636
16.3,0.010964
16.4,0.001755
16.5,0.008004
16.6,0.006031
16.7,0.006688
16.8,0.001755
16.9,0.00636
17,0.008991
17.1,0.017542
17.2,0.007675
17.3,0.010964
17.4,0.008991
17.5,0.007346
17.6,0.012608
17.7,0.010306
17.8,0.007675
17.9,0.009977
18,0.012937
18.1,0.005702
18.2,0.006031
18.3,0.00932
18.4,0.005702
18.5,0.008991
18.6,0.008662
18.7,0.003728
18.8,0.007017
18.9,0.009977
19,0.002742
19.1,0.008662
19.2,0.005702
19.3,0.008662
19.4,0.021817
19.5,0.022804
19.6,0.042208
19.7,0.15995
19.8,0.15699
19.9,0.154687
20,0.144492
20.1,0.136599
20.2,0.137256
20.3,0.130021
20.4,0.131008
20.5,0.123772
20.6,0.120154
20.7,0.116866
20.8,0.117852
20.9,0.109301
21,0.110288
21.1,0.106341
21.2,0.107328
21.3,0.100421
21.4,0.096146
21.5,0.09187
21.6,0.089239
21.7,0.088581
21.8,0.088252
21.9,0.084635
22,0.08003
22.1,0.084306
22.2,0.080688
22.3,0.081346
22.4,0.081346
22.5,0.082332
22.6,0.083319
22.7,0.078715
22.8,0.077399
22.9,0.070164
23,0.073124
23.1,0.074768
23.2,0.075097
23.3,0.074439
23.4,0.072795
23.5,0.069506
23.6,0.07115
23.7,0.071808
23.8,0.073124
23.9,0.075755
24,0.071479
24.1,0.069177
24.2,0.072466
24.3,0.070164
24.4,0.072466
24.5,0.070492
24.6,0.067861
24.7,0.071808
24.8,0.070821
24.9,0.07115
25,0.070492
25.1,0.077399
25.2,0.075097
25.3,0.074768
25.4,0.074439
25.5,0.079372
25.6,0.077728
25.7,0.075426
25.8,0.074768
25.9,0.076412
26,0.077728
26.1,0.08003
26.2,0.076741
26.3,0.080688
26.4,0.079372
26.5,0.076084
26.6,0.080688
26.7,0.07707
26.8,0.080359
26.9,0.08595
27,0.084963
27.1,0.085621
27.2,0.08003
27.3,0.081675
27.4,0.086608
27.5,0.085292
27.6,0.085621
27.7,0.086937
27.8,0.087266
27.9,0.084306
28,0.087266
28.1,0.090883
28.2,0.090883
28.3,0.096475
28.4,0.08891
28.5,0.095159
28.6,0.095159
28.7,0.09779
28.8,0.096803
28.9,0.099106
29,0.098119
29.1,0.096803
29.2,0.097132
29.3,0.101408
29.4,0.104697
29.5,0.099763
29.6,0.103381
29.7,0.101079
29.8,0.104697
29.9,0.105683
30,0.106341
30.1,0.105354
30.2,0.108972
30.3,0.10371
30.4,0.11259
30.5,0.108314
30.6,0.116208
30.7,0.111603
30.8,0.111274
30.9,0.114234
31,0.114892
31.1,0.114892
31.2,0.118839
31.3,0.120812
31.4,0.117523
31.5,0.122457
31.6,0.121799
31.7,0.120483
31.8,0.118839
31.9,0.115879
32,0.117852
32.1,0.122457
32.2,0.124759
32.3,0.12443
32.4,0.130679
32.5,0.130021
32.6,0.127061
32.7,0.128048
32.8,0.13331
32.9,0.128377
33,0.134954
33.1,0.135941
33.2,0.135612
33.3,0.136599
33.4,0.139559
33.5,0.134954
33.6,0.13627
33.7,0.142848
33.8,0.138901
33.9,0.143834
34,0.142519
34.1,0.135283
34.2,0.144821
34.3,0.144821
34.4,0.14811
34.5,0.147123
34.6,0.144821
34.7,0.151728
34.8,0.151728
34.9,0.150412
35,0.150741
35.1,0.153701
35.2,0.150741
35.3,0.152714
35.4,0.150083
35.5,0.157976
35.6,0.158963
35.7,0.158963
35.8,0.158963
35.9,0.156332
36,0.159292
36.1,0.161265
36.2,0.15995
36.3,0.15699
36.4,0.161923
36.5,0.160279
36.6,0.16291
36.7,0.167843
36.8,0.165212
36.9,0.169159
37,0.170145
37.1,0.168501
37.2,0.17179
37.3,0.172118
37.4,0.172447
37.5,0.172447
37.6,0.170803
37.7,0.174421
37.8,0.174421
37.9,0.174092
38,0.172118
38.1,0.18067
38.2,0.182314
38.3,0.180012
38.4,0.184616
38.5,0.181327
38.6,0.183958
38.7,0.190207
38.8,0.186261
38.9,0.179683
39,0.188563
39.1,0.188892
39.2,0.187905
39.3,0.184616
39.4,0.192509
39.5,0.187905
39.6,0.192509
39.7,0.188234
39.8,0.192509
39.9,0.194483
40,0.193496
40.1,0.194154
40.2,0.194812
40.3,0.196785
40.4,0.198429
40.5,0.196785
40.6,0.201389
40.7,0.201718
40.8,0.201718
40.9,0.198101
41,0.20994
41.1,0.205994
41.2,0.208954
41.3,0.211256
41.4,0.208954
41.5,0.208954
41.6,0.209612
41.7,0.214874
41.8,0.209612
41.9,0.216847
42,0.211256
42.1,0.216518
42.2,0.212572
42.3,0.21586
42.4,0.216518
42.5,0.217834
42.6,0.222438
42.7,0.218163
42.8,0.214216
42.9,0.216189
43,0.217834
43.1,0.223754
43.2,0.222109
43.3,0.222438
43.4,0.222438
43.5,0.226056
43.6,0.225398
43.7,0.223425
43.8,0.226714
43.9,0.225069
44,0.220794
44.1,0.228687
44.2,0.224411
44.3,0.2277
44.4,0.225398
44.5,0.228687
44.6,0.228358
44.7,0.229674
44.8,0.234278
44.9,0.232305
45,0.229016
45.1,0.237238
45.2,0.237567
45.3,0.229674
45.4,0.23658
45.5,0.236909
45.6,0.237896
45.7,0.236909
45.8,0.239211
45.9,0.241185
46,0.242171
46.1,0.245131
46.2,0.244802
46.3,0.24546
46.4,0.2425
46.5,0.244145
46.6,0.244802
46.7,0.243158
46.8,0.240527
46.9,0.252367
47,0.254669
47.1,0.248749
47.2,0.254998
47.3,0.254669
47.4,0.254998
47.5,0.255656
47.6,0.25434
47.7,0.252367
47.8,0.254011
47.9,0.254669
48,0.2573
48.1,0.259602
48.2,0.261905
48.3,0.257958
48.4,0.259602
48.5,0.257629
48.6,0.260918
48.7,0.262891
48.8,0.262233
48.9,0.264207
49,0.262233
49.1,0.268153
49.2,0.267496
49.3,0.267825
49.4,0.265522
49.5,0.271771
49.6,0.270785
49.7,0.267167
49.8,0.271113
49.9,0.271771
50,0.272758
50.1,0.273416
50.2,0.273087
50.3,0.274073
50.4,0.277691
50.5,0.279664
50.6,0.278349
50.7,0.277691
50.8,0.280322
50.9,0.277691
51,0.279007
51.1,0.281967
51.2,0.283282
51.3,0.279664
51.4,0.287887
51.5,0.284598
51.6,0.288215
51.7,0.289531
51.8,0.285256
51.9,0.289202
52,0.287558
52.1,0.29282
52.2,0.293478
52.3,0.29282
52.4,0.29578
52.5,0.294464
52.6,0.293807
52.7,0.294135
52.8,0.299398
52.9,0.29874
53,0.301371
53.1,0.297753
53.2,0.302687
53.3,0.299398
53.4,0.305975
53.5,0.303673
53.6,0.306633
53.7,0.307291
53.8,0.304331
53.9,0.306304
54,0.304989
54.1,0.308278
54.2,0.308606
54.3,0.31058
54.4,0.312224
54.5,0.314198
54.6,0.312553
54.7,0.314198
54.8,0.312553
54.9,0.318144
55,0.319131
55.1,0.320118
55.2,0.322749
55.3,0.320775
55.4,0.317815
55.5,0.318473
55.6,0.319789
55.7,0.326037
55.8,0.324722
55.9,0.322091
56,0.320446
56.1,0.329984
56.2,0.327353
56.3,0.328011
56.4,0.335246
56.5,0.334589
56.6,0.332286
56.7,0.328997
56.8,0.3313
56.9,0.33426
57,0.341495
57.1,0.334917
57.2,0.33722
57.3,0.334589
57.4,0.336891
57.5,0.335904
57.6,0.339193
57.7,0.340837
57.8,0.342153
57.9,0.346757
58,0.349717
58.1,0.34906
58.2,0.3461
58.3,0.347744
58.4,0.348402
58.5,0.345771
58.6,0.351033
58.7,0.351691
58.8,0.352677
58.9,0.357939
59,0.352348
59.1,0.353993
59.2,0.356953
59.3,0.357611
59.4,0.355966
59.5,0.360242
59.6,0.355966
59.7,0.356953
59.8,0.359255
59.9,0.363202
60,0.365175
60.1,0.362873
60.2,0.366491
60.3,0.366819
60.4,0.365175
60.5,0.367806
60.6,0.367806
60.7,0.372739
60.8,0.369122
60.9,0.368135
61,0.371424
61.1,0.372082
61.2,0.374384
61.3,0.373726
61.4,0.371424
61.5,0.374384
61.6,0.373068
61.7,0.380304
61.8,0.376028
61.9,0.379646
62,0.377673
62.1,0.380633
62.2,0.378988
62.3,0.380962
62.4,0.384908
62.5,0.387868
62.6,0.387539
62.7,0.382277
62.8,0.386224
62.9,0.386882
63,0.385237
63.1,0.394117
63.2,0.387539
63.3,0.395104
63.4,0.39313
63.5,0.389513
63.6,0.393459
63.7,0.389841
63.8,0.395761
63.9,0.391157
64,0.401024
64.1,0.397735
64.2,0.406286
64.3,0.400366
64.4,0.398064
64.5,0.39905
64.6,0.39609
64.7,0.401353
64.8,0.409904
64.9,0.40497
65,0.407601
65.1,0.411877
65.2,0.407601
65.3,0.409575
65.4,0.409904
65.5,0.411877
65.6,0.406286
65.7,0.410232
65.8,0.406944
65.9,0.415166
66,0.415824
66.1,0.412864
66.2,0.411877
66.3,0.414508
66.4,0.420099
66.5,0.420757
66.6,0.42273
66.7,0.420099
66.8,0.42273
66.9,0.420099
67,0.426677
67.1,0.426677
67.2,0.426677
67.3,0.427663
67.4,0.426677
67.5,0.41681
67.6,0.433912
67.7,0.434899
67.8,0.428321
67.9,0.433255
68,0.434899
68.1,0.433255
68.2,0.430295
68.3,0.432597
68.4,0.43457
68.5,0.429308
68.6,0.439175
68.7,0.441148
68.8,0.441148
68.9,0.448712
69,0.445423
69.1,0.439175
69.2,0.445094
69.3,0.451014
69.4,0.446081
69.5,0.448054
69.6,0.448383
69.7,0.445094
69.8,0.450028
69.9,0.45233
70,0.451014
70.1,0.448054
70.2,0.452659
70.3,0.461539
70.4,0.455948
70.5,0.459237
70.6,0.455948
70.7,0.457921
70.8,0.458579
70.9,0.461539
71,0.465157
71.1,0.460223
71.2,0.469761
71.3,0.463841
71.4,0.467788
71.5,0.462854
71.6,0.468117
71.7,0.46713
71.8,0.471077
71.9,0.471734
72,0.471077
72.1,0.471077
72.2,0.470748
72.3,0.475681
72.4,0.467459
72.5,0.473379
72.6,0.47897
72.7,0.479628
72.8,0.478641
72.9,0.480285
73,0.479628
73.1,0.479956
73.2,0.483574
73.3,0.485876
73.4,0.479628
73.5,0.485219
73.6,0.489165
73.7,0.486863
73.8,0.485219
73.9,0.484561
74,0.490481
74.1,0.490481
74.2,0.486863
74.3,0.49673
74.4,0.504623
74.5,0.489494
74.6,0.491467
74.7,0.495414
74.8,0.492454
74.9,0.494756
75,0.501663
75.1,0.507254
75.2,0.503636
75.3,0.502979
75.4,0.508898
75.5,0.505939
75.6,0.509556
75.7,0.506267
75.8,0.507254
75.9,0.509556
76,0.506925
76.1,0.51153
76.2,0.510872
76.3,0.514161
76.4,0.521725
76.5,0.513174
76.6,0.516463
76.7,0.510872
76.8,0.520738
76.9,0.51745
77,0.516134
77.1,0.520081
77.2,0.522712
77.3,0.525672
77.4,0.529618
77.5,0.528632
77.6,0.531592
77.7,0.527974
77.8,0.533236
77.9,0.540143
78,0.532578
78.1,0.536525
78.2,0.539156
78.3,0.528632
78.4,0.535538
78.5,0.539485
78.6,0.536525
78.7,0.543432
78.8,0.542774
78.9,0.539485
79,0.542774
79.1,0.537183
79.2,0.547378
79.3,0.545734
79.4,0.545734
79.5,0.547707
79.6,0.549352
79.7,0.547378
79.8,0.542445
79.9,0.547707
80,0.550996
80.1,0.557574
80.2,0.550667
80.3,0.555272
80.4,0.550996
80.5,0.553956
80.6,0.550996
80.7,0.5556
80.8,0.558232
80.9,0.559876
81,0.55856
81.1,0.561191
81.2,0.556916
81.3,0.566125
81.4,0.563165
81.5,0.563823
81.6,0.568427
81.7,0.564151
81.8,0.571716
81.9,0.573031
82,0.57336
82.1,0.572045
82.2,0.571716
82.3,0.574347
82.4,0.574347
82.5,0.578951
82.6,0.574347
82.7,0.578951
82.8,0.571387
82.9,0.57632
83,0.578951
83.1,0.580925
83.2,0.583556
83.3,0.5852
83.4,0.588489
83.5,0.585529
83.6,0.589476
83.7,0.586187
83.8,0.586187
83.9,0.58816
84,0.595725
84.1,0.589147
84.2,0.588818
84.3,0.588489
84.4,0.592107
84.5,0.596053
84.6,0.588489
84.7,0.594409
84.8,0.597698
84.9,0.595396
85,0.600658
85.1,0.603289
85.2,0.599342
85.3,0.607565
85.4,0.60296
85.5,0.604933
85.6,0.606578
85.7,0.605591
85.8,0.605591
85.9,0.604933
86,0.613156
86.1,0.608551
86.2,0.609538
86.3,0.609538
86.4,0.612498
86.5,0.612827
86.6,0.611511
86.7,0.61776
86.8,0.611182
86.9,0.616773
87,0.621378
87.1,0.614142
87.2,0.619733
87.3,0.624338
87.4,0.624996
87.5,0.624009
87.6,0.6296
87.7,0.627955
87.8,0.623022
87.9,0.626969
88,0.627627
88.1,0.626969
88.2,0.632889
88.3,0.633875
88.4,0.635849
88.5,0.633218
88.6,0.6296
88.7,0.630915
88.8,0.63256
88.9,0.63848
89,0.639795
89.1,0.636835
89.2,0.635849
89.3,0.637493
89.4,0.637822
89.5,0.643413
89.6,0.643084
89.7,0.644071
89.8,0.641111
89.9,0.642098
90,0.6444
90.1,0.65328
90.2,0.648346
90.3,0.649333
90.4,0.655582
90.5,0.65032
90.6,0.654266
90.7,0.650978
90.8,0.653938
90.9,0.652293
91,0.653938
91.1,0.657884
91.2,0.656898
91.3,0.658542
91.4,0.661173
91.5,0.660186
91.6,0.665449
91.7,0.665777
91.8,0.663804
91.9,0.667093
92,0.664133
92.1,0.664133
92.2,0.673342
92.3,0.66808
92.4,0.669066
92.5,0.661831
92.6,0.671369
92.7,0.66216
92.8,0.674329
92.9,0.677289
93,0.675315
93.1,0.67992
93.2,0.67104
93.3,0.672684
93.4,0.675973
93.5,0.675315
93.6,0.678275
93.7,0.678604
93.8,0.681893
93.9,0.683208
94,0.686826
94.1,0.678275
94.2,0.682551
94.3,0.688471
94.4,0.688471
94.5,0.686826
94.6,0.68584
94.7,0.687155
94.8,0.689786
94.9,0.692746
95,0.689786
95.1,0.694391
95.2,0.697351
95.3,0.698008
95.4,0.696364
95.5,0.699324
95.6,0.700639
95.7,0.693404
95.8,0.699982
95.9,0.700311
96,0.702942
96.1,0.699653
96.2,0.707875
96.3,0.699982
96.4,0.705244
96.5,0.705244
96.6,0.705902
96.7,0.703271
96.8,0.711493
96.9,0.709848
97,0.702284
97.1,0.706559
97.2,0.706231
97.3,0.710835
97.4,0.717413
97.5,0.712151
97.6,0.709848
97.7,0.713795
97.8,0.71511
97.9,0.714782
98,0.719386
98.1,0.714453
98.2,0.720044
98.3,0.716755
98.4,0.72399
98.5,0.721688
98.6,0.720702
98.7,0.723333
98.8,0.731226
98.9,0.728595
99,0.72991
99.1,0.72695
99.2,0.727279
99.3,0.732213
99.4,0.728924
99.5,0.725635
99.6,0.729253
99.7,0.733528
99.8,0.732213
99.9,0.729253
100,0.731555
100.1,0.739119
100.2,0.738461
100.3,0.741421
100.4,0.739119
100.5,0.74175
100.6,0.743724
100.7,0.742408
100.8,0.745697
100.9,0.742737
101,0.743395
101.1,0.749315
101.2,0.745368
101.3,0.75063
101.4,0.747013
101.5,0.740106
101.6,0.747013
101.7,0.751288
101.8,0.747341
101.9,0.74767
102,0.75951
102.1,0.751288
102.2,0.758195
102.3,0.760168
102.4,0.755235
102.5,0.75655
102.6,0.765759
102.7,0.762799
102.8,0.750301
102.9,0.759181
103,0.761484
103.1,0.766417
103.2,0.757866
103.3,0.762799
103.4,0.772337
103.5,0.762799
103.6,0.76543
103.7,0.771021
103.8,0.775955
103.9,0.773652
104,0.767075
104.1,0.775297
104.2,0.773323
104.3,0.774968
104.4,0.769048
104.5,0.77727
104.6,0.778586
104.7,0.78319
104.8,0.776283
104.9,0.779243
105,0.780888
105.1,0.78615
105.2,0.782203
105.3,0.781546
105.4,0.782203
105.5,0.78911
105.6,0.78615
105.7,0.786808
105.8,0.788781
105.9,0.787794
106,0.791741
106.1,0.790754
106.2,0.788781
106.3,0.794701
106.4,0.792728
106.5,0.795688
106.6,0.794372
106.7,0.79799
106.8,0.795359
106.9,0.79799
107,0.798319
107.1,0.807199
107.2,0.797332
107.3,0.806541
107.4,0.805883
107.5,0.807528
107.6,0.806541
107.7,0.810488
107.8,0.805225
107.9,0.810488
108,0.805225
108.1,0.80391
108.2,0.813119
108.3,0.811803
108.4,0.813777
108.5,0.816737
108.6,0.816408
108.7,0.813119
108.8,0.819368
108.9,0.814105
109,0.816737
109.1,0.816079
109.2,0.822985
109.3,0.819696
109.4,0.826932
109.5,0.825288
109.6,0.827919
109.7,0.821999
109.8,0.823643
109.9,0.82759
110,0.823972
110.1,0.825616
110.2,0.825616
110.3,0.828576
110.4,0.832194
110.5,0.826274
110.6,0.83055
110.7,0.834167
110.8,0.833839
110.9,0.833839
111,0.837456
111.1,0.83943
111.2,0.837456
111.3,0.835812
111.4,0.838443
111.5,0.835154
111.6,0.83647
111.7,0.841074
111.8,0.838114
111.9,0.847981
112,0.843047
112.1,0.84535
112.2,0.844692
112.3,0.849625
112.4,0.846336
112.5,0.842061
112.6,0.847323
112.7,0.84535
112.8,0.848967
112.9,0.846336
113,0.850941
113.1,0.85423
113.2,0.850612
113.3,0.85423
113.4,0.859821
113.5,0.85423
113.6,0.85719
113.7,0.85423
113.8,0.861465
113.9,0.856203
114,0.86311
114.1,0.859163
114.2,0.858505
114.3,0.861136
114.4,0.861136
114.5,0.865741
114.6,0.862781
114.7,0.866727
114.8,0.864754
114.9,0.861136
115,0.871661
115.1,0.866727
115.2,0.870016
115.3,0.872647
115.4,0.871003
115.5,0.876265
115.6,0.872647
115.7,0.876594
115.8,0.881527
115.9,0.883829
116,0.878896
116.1,0.882185
116.2,0.884158
116.3,0.880869
116.4,0.883501
116.5,0.888763
116.6,0.882185
116.7,0.884816
116.8,0.883829
116.9,0.883501
117,0.887118
117.1,0.890736
117.2,0.891394
117.3,0.895998
117.4,0.899616
117.5,0.894025
117.6,0.896327
117.7,0.8983
117.8,0.891394
117.9,0.896985
118,0.89534
118.1,0.900274
118.2,0.903563
118.3,0.902905
118.4,0.898958
118.5,0.902576
118.6,0.904878
118.7,0.906194
118.8,0.905865
118.9,0.90718
119,0.908496
119.1,0.90422
119.2,0.903891
119.3,0.910798
119.4,0.911785
119.5,0.91014
119.6,0.912443
119.7,0.917705
119.8,0.920007
119.9,0.915731
120,0.916389
120.1,0.916389
120.2,0.918691
120.3,0.920007
120.4,0.920336
120.5,0.921651
120.6,0.926585
120.7,0.927242
120.8,0.922967
120.9,0.925598
121,0.931189
121.1,0.928558
121.2,0.928229
121.3,0.931189
121.4,0.93086
121.5,0.929545
121.6,0.936122
121.7,0.938754
121.8,0.934807
121.9,0.941713
122,0.938754
122.1,0.939082
122.2,0.940727
122.3,0.940398
122.4,0.945331
122.5,0.944673
122.6,0.941385
122.7,0.93678
122.8,0.946318
122.9,0.950922
123,0.949936
123.1,0.946976
123.2,0.949607
123.3,0.955198
123.4,0.950593
123.5,0.952567
123.6,0.950922
123.7,0.951251
123.8,0.956513
123.9,0.959802
124,0.95454
124.1,0.962762
124.2,0.959144
124.3,0.958487
124.4,0.959802
124.5,0.964078
124.6,0.966709
124.7,0.964078
124.8,0.960131
124.9,0.964407
125,0.968353
125.1,0.971313
125.2,0.96638
125.3,0.969011
125.4,0.965722
125.5,0.976904
125.6,0.970327
125.7,0.975589
125.8,0.970327
125.9,0.974273
126,0.972958
126.1,0.974602
126.2,0.976904
126.3,0.979535
126.4,0.982495
126.5,0.976247
126.6,0.986442
126.7,0.983482
126.8,0.978549
126.9,0.989073
127,0.98414
127.1,0.98118
127.2,0.982167
127.3,0.985784
127.4,0.989402
127.5,0.993349
127.6,0.994006
127.7,0.988744
127.8,0.995322
127.9,0.99598
128,0.997953
128.1,0.996638
128.2,1.000584
128.3,0.99894
128.4,0.999269
128.5,0.998282
128.6,1.004202
128.7,1.006504
128.8,1.003544
128.9,1.003215
129,1.002229
129.1,1.003873
129.2,1.009135
129.3,1.007162
129.4,1.005846
129.5,1.005189
129.6,1.01078
129.7,1.015384
129.8,1.006504
129.9,1.008478
130,1.014069
130.1,1.015713
130.2,1.016371
130.3,1.010122
130.4,1.012424
130.5,1.015384
130.6,1.016371
130.7,1.019989
130.8,1.020975
130.9,1.021962
131,1.023606
131.1,1.024593
131.2,1.022291
131.3,1.027224
131.4,1.023606
131.5,1.027553
131.6,1.022291
131.7,1.027882
131.8,1.02854
131.9,1.027553
132,1.030842
132.1,1.04038
132.2,1.032815
132.3,1.038735
132.4,1.039722
132.5,1.035446
132.6,1.035775
132.7,1.036762
132.8,1.035775
132.9,1.04038
133,1.042024
133.1,1.039393
133.2,1.040708
133.3,1.043668
133.4,1.046299
133.5,1.046299
133.6,1.047944
133.7,1.050246
133.8,1.048273
133.9,1.049588
134,1.049917
134.1,1.042353
134.2,1.054522
134.3,1.057482
134.4,1.052548
134.5,1.055508
134.6,1.051562
134.7,1.051562
134.8,1.055179
134.9,1.059784
135,1.056495
135.1,1.057482
135.2,1.059126
135.3,1.061757
135.4,1.067019
135.5,1.065704
135.6,1.069322
135.7,1.06669
135.8,1.068006
135.9,1.069322
136,1.067019
136.1,1.068664
136.2,1.071295
136.3,1.072282
136.4,1.074255
136.5,1.071624
136.6,1.073268
136.7,1.078859
136.8,1.078859
136.9,1.077544
137,1.08149
137.1,1.075899
137.2,1.077544
137.3,1.079846
137.4,1.079188
137.5,1.075899
137.6,1.089384
137.7,1.088068
137.8,1.08445
137.9,1.089713
138,1.088397
138.1,1.094646
138.2,1.093001
138.3,1.090699
138.4,1.091357
138.5,1.099908
138.6,1.093988
138.7,1.095304
138.8,1.098592
138.9,1.095961
139,1.103526
139.1,1.096948
139.2,1.10221
139.3,1.101552
139.4,1.101552
139.5,1.104841
139.6,1.104512
139.7,1.10221
139.8,1.098921
139.9,1.104841
140,1.103526
140.1,1.10813
140.2,1.110761
140.3,1.109446
140.4,1.112406
140.5,1.115037
140.6,1.112406
140.7,1.113392
140.8,1.113721
140.9,1.112077
141,1.111419
141.1,1.111419
141.2,1.115366
141.3,1.118655
141.4,1.121615
141.5,1.116352
141.6,1.12293
141.7,1.126219
141.8,1.11997
141.9,1.125561
142,1.12589
142.1,1.124903
142.2,1.123259
142.3,1.128192
142.4,1.125232
142.5,1.131481
142.6,1.129508
142.7,1.127535
142.8,1.126219
142.9,1.12589
143,1.135099
143.1,1.132468
143.2,1.131481
143.3,1.136086
143.4,1.131481
143.5,1.13477
143.6,1.135428
143.7,1.140032
143.8,1.140361
143.9,1.135757
144,1.142006
144.1,1.142663
144.2,1.138388
144.3,1.147268
144.4,1.145294
144.5,1.144966
144.6,1.144308
144.7,1.149241
144.8,1.147268
144.9,1.14661
145,1.150228
145.1,1.148254
145.2,1.14957
145.3,1.149241
145.4,1.149899
145.5,1.153188
145.6,1.159108
145.7,1.154503
145.8,1.156477
145.9,1.156148
146,1.15845
146.1,1.157463
146.2,1.156805
146.3,1.163054
146.4,1.157134
146.5,1.16437
146.6,1.165685
146.7,1.170619
146.8,1.162725
146.9,1.165028
147,1.164041
147.1,1.162068
147.2,1.169632
147.3,1.171605
147.4,1.165028
147.5,1.172921
147.6,1.172592
147.7,1.177854
147.8,1.175552
147.9,1.17325
148,1.174236
148.1,1.177525
148.2,1.178183
148.3,1.183116
148.4,1.187392
148.5,1.183774
148.6,1.181472
148.7,1.181472
148.8,1.186734
148.9,1.178183
149,1.185419
149.1,1.18213
149.2,1.191667
149.3,1.193312
149.4,1.195285
149.5,1.191667
149.6,1.194299
149.7,1.197259
149.8,1.196601
149.9,1.195285
150,1.194956
150.1,1.19101
150.2,1.200547
150.3,1.198903
150.4,1.196601
150.5,1.203836
150.6,1.204823
150.7,1.202192
150.8,1.204494
150.9,1.201534
151,1.204823
151.1,1.209756
151.2,1.208441
151.3,1.207125
151.4,1.213045
151.5,1.213703
151.6,1.213703
151.7,1.210085
151.8,1.210743
151.9,1.214361
152,1.214361
152.1,1.21173
152.2,1.213045
152.3,1.212058
152.4,1.220281
152.5,1.221267
152.6,1.216992
152.7,1.221267
152.8,1.222912
152.9,1.219623
153,1.225543
153.1,1.224885
153.2,1.225872
153.3,1.230476
153.4,1.232449
153.5,1.229818
153.6,1.227845
153.7,1.231134
153.8,1.228832
153.9,1.227845
154,1.232121
154.1,1.231792
154.2,1.236067
154.3,1.235409
154.4,1.232449
154.5,1.236396
154.6,1.241001
154.7,1.235409
154.8,1.240672
154.9,1.238369
155,1.241658
155.1,1.237383
155.2,1.241658
155.3,1.248565
155.4,1.249223
155.5,1.244289
155.6,1.24692
155.7,1.247907
155.8,1.244618
155.9,1.248894
156,1.246592
156.1,1.250538
156.2,1.251525
156.3,1.250867
156.4,1.251525
156.5,1.249223
156.6,1.257116
156.7,1.256129
156.8,1.262049
156.9,1.257445
157,1.261391
157.1,1.257774
157.2,1.259418
157.3,1.259418
157.4,1.259418
157.5,1.262049
157.6,1.26172
157.7,1.266983
157.8,1.267969
157.9,1.264023
158,1.266325
158.1,1.265996
158.2,1.269285
158.3,1.27356
158.4,1.271258
158.5,1.268956
158.6,1.271587
158.7,1.272245
158.8,1.275205
158.9,1.274218
159,1.272245
159.1,1.275205
159.2,1.27356
159.3,1.274876
159.4,1.278165
159.5,1.279809
159.6,1.275863
159.7,1.280467
159.8,1.285071
159.9,1.280138
160,1.283427
160.1,1.281782
160.2,1.284414
160.3,1.27948
160.4,1.287374
160.5,1.284085
160.6,1.286716
160.7,1.28836
160.8,1.286058
160.9,1.290005
161,1.289676
161.1,1.283756
161.2,1.29428
161.3,1.292965
161.4,1.293622
161.5,1.290991
161.6,1.296582
161.7,1.297569
161.8,1.29428
161.9,1.295267
162,1.298556
162.1,1.304805
162.2,1.301516
162.3,1.301187
162.4,1.302173
162.5,1.304476
162.6,1.304147
162.7,1.307107
162.8,1.30316
162.9,1.300529
163,1.306778
163.1,1.308751
163.2,1.305791
163.3,1.306449
163.4,1.306449
163.5,1.307436
163.6,1.304476
163.7,1.316316
163.8,1.311382
163.9,1.308422
164,1.314342
164.1,1.308751
164.2,1.315329
164.3,1.314342
164.4,1.321249
164.5,1.316644
164.6,1.318618
164.7,1.321907
164.8,1.32388
164.9,1.32092
165,1.327169
165.1,1.327169
165.2,1.32388
165.3,1.329142
165.4,1.332431
165.5,1.328813
165.6,1.331444
165.7,1.328484
165.8,1.331773
165.9,1.329471
166,1.330129
166.1,1.331444
166.2,1.338022
166.3,1.335062
166.4,1.33572
166.5,1.33868
166.6,1.335062
166.7,1.33572
166.8,1.340324
166.9,1.341311
167,1.339995
167.1,1.343613
167.2,1.347231
167.3,1.343613
167.4,1.343942
167.5,1.340653
167.6,1.343942
167.7,1.345258
167.8,1.346244
167.9,1.349204
168,1.348218
168.1,1.349204
168.2,1.346573
168.3,1.348218
168.4,1.351178
168.5,1.353151
168.6,1.359071
168.7,1.355124
168.8,1.360386
168.9,1.352822
169,1.357755
169.1,1.365649
169.2,1.360386
169.3,1.36236
169.4,1.360058
169.5,1.364662
169.6,1.362689
169.7,1.36236
169.8,1.366964
169.9,1.364662
170,1.36532
170.1,1.366306
170.2,1.36828
170.3,1.364004
170.4,1.3742
170.5,1.370582
170.6,1.369595
170.7,1.376173
170.8,1.370911
170.9,1.375844
171,1.378475
171.1,1.376502
171.2,1.372555
171.3,1.379791
171.4,1.37716
171.5,1.379462
171.6,1.384395
171.7,1.385711
171.8,1.38012
171.9,1.382751
172,1.378146
172.1,1.384066
172.2,1.389
172.3,1.385711
172.4,1.385711
172.5,1.387684
172.6,1.391302
172.7,1.392617
172.8,1.388013
172.9,1.39492
173,1.391302
173.1,1.398866
173.2,1.395248
173.3,1.40084
173.4,1.388342
173.5,1.399524
173.6,1.399524
173.7,1.398208
173.8,1.398866
173.9,1.396235
174,1.396893
174.1,1.402484
174.2,1.403142
174.3,1.401497
174.4,1.399195
174.5,1.405444
174.6,1.408404
174.7,1.407088
174.8,1.402155
174.9,1.408733
175,1.408404
175.1,1.409391
175.2,1.406431
175.3,1.408404
175.4,1.410706
175.5,1.413008
175.6,1.418928
175.7,1.417942
175.8,1.419586
175.9,1.422546
176,1.420244
176.1,1.418928
176.2,1.419257
176.3,1.419915
176.4,1.419257
176.5,1.422875
176.6,1.425177
176.7,1.424519
176.8,1.431426
176.9,1.432084
177,1.428137
177.1,1.429782
177.2,1.436359
177.3,1.43011
177.4,1.429453
177.5,1.432084
177.6,1.431755
177.7,1.435702
177.8,1.434057
177.9,1.437675
178,1.43603
178.1,1.43603
178.2,1.43899
178.3,1.442608
178.4,1.440306
178.5,1.441293
178.6,1.44195
178.7,1.445897
178.8,1.442608
178.9,1.44195
179,1.440306
179.1,1.445897
179.2,1.449186
179.3,1.448857
179.4,1.451159
179.5,1.451817
179.6,1.452804
179.7,1.452146
179.8,1.452475
179.9,1.452804
180,1.455764
180.1,1.45971
180.2,1.459381
180.3,1.459053
180.4,1.464315
180.5,1.454448
180.6,1.461684
180.7,1.464973
180.8,1.464644
180.9,1.46563
181,1.462013
181.1,1.46563
181.2,1.46859
181.3,1.464973
181.4,1.470892
181.5,1.467275
181.6,1.47155
181.7,1.471221
181.8,1.474839
181.9,1.47155
182,1.471221
182.1,1.472866
182.2,1.475826
182.3,1.476484
182.4,1.482075
182.5,1.478786
182.6,1.478457
182.7,1.481746
182.8,1.479772
182.9,1.484377
183,1.483719
183.1,1.482404
183.2,1.482404
183.3,1.480759
183.4,1.484377
183.5,1.488981
183.6,1.478786
183.7,1.493586
183.8,1.483061
183.9,1.49523
184,1.490626
184.1,1.495888
184.2,1.493915
184.3,1.492599
184.4,1.501808
184.5,1.494243
184.6,1.501479
184.7,1.504439
184.8,1.503123
184.9,1.499835
185,1.49819
185.1,1.499506
185.2,1.503452
185.3,1.503781
185.4,1.503123
185.5,1.502795
185.6,1.505426
185.7,1.509043
185.8,1.506412
185.9,1.508386
186,1.511017
186.1,1.505754
186.2,1.513319
186.3,1.514963
186.4,1.518252
186.5,1.519897
186.6,1.51891
186.7,1.516608
186.8,1.518252
186.9,1.522857
187,1.519897
187.1,1.521541
187.2,1.520883
187.3,1.521541
187.4,1.52483
187.5,1.527461
187.6,1.531737
187.7,1.525159
187.8,1.53075
187.9,1.52483
188,1.52483
188.1,1.532065
188.2,1.528777
188.3,1.529434
188.4,1.532065
188.5,1.530421
188.6,1.532723
188.7,1.537985
188.8,1.53963
188.9,1.537328
189,1.540945
189.1,1.542261
189.2,1.543905
189.3,1.541603
189.4,1.54555
189.5,1.541932
189.6,1.537985
189.7,1.551141
189.8,1.54259
189.9,1.548181
190,1.551141
190.1,1.55147
190.2,1.548181
190.3,1.55147
190.4,1.550812
190.5,1.556403
190.6,1.556074
190.7,1.556403
190.8,1.555745
190.9,1.555745
191,1.556403
191.1,1.558376
191.2,1.559363
191.3,1.562323
191.4,1.559692
191.5,1.561336
191.6,1.563967
191.7,1.561994
191.8,1.561994
191.9,1.563967
192,1.564954
192.1,1.570874
192.2,1.565941
192.3,1.572519
192.4,1.571532
192.5,1.571861
192.6,1.573176
192.7,1.571203
192.8,1.577781
192.9,1.57515
193,1.576465
193.1,1.58107
193.2,1.576794
193.3,1.58403
193.4,1.575479
193.5,1.585345
193.6,1.580741
193.7,1.584687
193.8,1.587318
193.9,1.58995
194,1.587647
194.1,1.58403
194.2,1.58403
194.3,1.590607
194.4,1.592252
194.5,1.587318
194.6,1.590278
194.7,1.59291
194.8,1.594554
194.9,1.591265
195,1.590278
195.1,1.593896
195.2,1.596856
195.3,1.597185
195.4,1.595541
195.5,1.593896
195.6,1.604749
195.7,1.596856
195.8,1.598172
195.9,1.600145
196,1.595212
196.1,1.607709
196.2,1.603763
196.3,1.604749
196.4,1.606065
196.5,1.613958
196.6,1.609025
196.7,1.603105
196.8,1.613629
196.9,1.612972
197,1.610998
197.1,1.611327
197.2,1.610012
197.3,1.614616
197.4,1.611327
197.5,1.622838
197.6,1.617576
197.7,1.621194
197.8,1.616261
197.9,1.621852
198,1.621523
198.1,1.622838
198.2,1.625798
198.3,1.622509
198.4,1.628758
198.5,1.626456
198.6,1.635665
198.7,1.627114
198.8,1.629087
198.9,1.636652
199,1.633692
199.1,1.63698
199.2,1.635336
199.3,1.630403
199.4,1.6429
199.5,1.643229
199.6,1.636323
199.7,1.639611
199.8,1.641585
199.9,1.640269
200,1.640927
200.1,1.646189
200.2,1.64586
200.3,1.649149
200.4,1.64882
200.5,1.644874
200.6,1.64586
200.7,1.646189
200.8,1.649807
200.9,1.649149
201,1.653754
201.1,1.655398
201.2,1.656714
201.3,1.653754
201.4,1.659016
201.5,1.655398
201.6,1.662634
201.7,1.65474
201.8,1.653754
201.9,1.657043
202,1.662634
202.1,1.662962
202.2,1.666909
202.3,1.665594
202.4,1.659016
202.5,1.667896
202.6,1.66658
202.7,1.669869
202.8,1.669211
202.9,1.671514
203,1.667238
203.1,1.67842
203.2,1.671842
203.3,1.669211
203.4,1.677434
203.5,1.670856
203.6,1.677105
203.7,1.681709
203.8,1.677434
203.9,1.681709
204,1.680065
204.1,1.688616
204.2,1.679736
204.3,1.685985
204.4,1.681051
204.5,1.69026
204.6,1.687629
204.7,1.688945
204.8,1.686313
204.9,1.686313
205,1.686313
205.1,1.692562
205.2,1.688287
205.3,1.690589
205.4,1.692233
205.5,1.688945
205.6,1.692891
205.7,1.692562
205.8,1.700456
205.9,1.69322
206,1.698153
206.1,1.695851
206.2,1.698482
206.3,1.699798
206.4,1.697825
206.5,1.703416
206.6,1.700456
206.7,1.705389
206.8,1.704073
206.9,1.704073
207,1.709664
207.1,1.705718
207.2,1.710322
207.3,1.708349
207.4,1.709664
207.5,1.714598
207.6,1.711967
207.7,1.718544
207.8,1.7169
207.9,1.714598
208,1.717887
208.1,1.717558
208.2,1.718544
208.3,1.723478
208.4,1.719202
208.5,1.719531
208.6,1.731042
208.7,1.721504
208.8,1.724464
208.9,1.730384
209,1.723149
209.1,1.726109
209.2,1.728411
209.3,1.730384
209.4,1.732029
209.5,1.732358
209.6,1.728411
209.7,1.736962
209.8,1.732687
209.9,1.734002
210,1.731371
210.1,1.736962
210.2,1.739593
210.3,1.739593
210.4,1.739593
210.5,1.738935
210.6,1.74354
210.7,1.742553
210.8,1.745513
210.9,1.748144
211,1.751762
211.1,1.74354
211.2,1.746829
211.3,1.743211
211.4,1.749131
211.5,1.742553
211.6,1.752091
211.7,1.751762
211.8,1.755709
211.9,1.751104
212,1.757682
212.1,1.756366
212.2,1.748473
212.3,1.758011
212.4,1.762615
212.5,1.765246
212.6,1.769851
212.7,1.7613
212.8,1.764589
212.9,1.766233
213,1.7613
213.1,1.76722
213.2,1.762286
213.3,1.766891
213.4,1.7761
213.5,1.768206
213.6,1.770509
213.7,1.774126
213.8,1.769193
213.9,1.769851
214,1.775113
214.1,1.776757
214.2,1.777415
214.3,1.780046
214.4,1.783993
214.5,1.780046
214.6,1.774126
214.7,1.781362
214.8,1.779717
214.9,1.780046
215,1.779717
215.1,1.783335
215.2,1.787611
215.3,1.790242
215.4,1.785637
215.5,1.791228
215.6,1.791886
215.7,1.78498
215.8,1.797477
215.9,1.788597
216,1.796491
216.1,1.797477
216.2,1.802411
216.3,1.797806
216.4,1.795833
216.5,1.803726
216.6,1.801424
216.7,1.801095
216.8,1.805699
216.9,1.801095
217,1.800108
217.1,1.805042
217.2,1.803068
217.3,1.808331
217.4,1.815566
217.5,1.813264
217.6,1.809975
217.7,1.809317
217.8,1.811619
217.9,1.809646
218,1.817539
218.1,1.814908
218.2,1.817539
218.3,1.815566
218.4,1.82017
218.5,1.822144
218.6,1.815895
218.7,1.82609
218.8,1.820828
218.9,1.819513
219,1.822473
219.1,1.825104
219.2,1.820499
219.3,1.824446
219.4,1.823459
219.5,1.830695
219.6,1.825762
219.7,1.833655
219.8,1.832339
219.9,1.828722
220,1.831353
220.1,1.831024
220.2,1.84089
220.3,1.831353
220.4,1.835299
220.5,1.837602
220.6,1.838259
220.7,1.842864
220.8,1.840233
220.9,1.839575
221,1.841219
221.1,1.839904
221.2,1.838259
221.3,1.839575
221.4,1.844508
221.5,1.845495
221.6,1.849113
221.7,1.843193
221.8,1.852073
221.9,1.844179
222,1.851086
222.1,1.853717
222.2,1.859637
222.3,1.851086
222.4,1.857335
222.5,1.851415
222.6,1.856019
222.7,1.857335
222.8,1.859637
222.9,1.854375
223,1.858321
223.1,1.867201
223.2,1.868846
223.3,1.858321
223.4,1.86161
223.5,1.864241
223.6,1.86753
223.7,1.867201
223.8,1.866544
223.9,1.870161
224,1.87049
224.1,1.868846
224.2,1.875095
224.3,1.874766
224.4,1.871806
224.5,1.879041
224.6,1.875752
224.7,1.871477
224.8,1.876081
224.9,1.879041
225,1.880686
225.1,1.881015
225.2,1.883646
225.3,1.880686
225.4,1.888579
225.5,1.890223
225.6,1.895157
225.7,1.886935
225.8,1.883975
225.9,1.884961
226,1.885619
226.1,1.890881
226.2,1.890552
226.3,1.889566
226.4,1.890552
226.5,1.897459
226.6,1.898117
226.7,1.899432
226.8,1.896801
226.9,1.893512
227,1.899761
227.1,1.899432
227.2,1.896801
227.3,1.901735
227.4,1.901735
227.5,1.899103
227.6,1.905023
227.7,1.898775
227.8,1.907326
227.9,1.904366
228,1.902392
228.1,1.909628
228.2,1.907654
228.3,1.904366
228.4,1.911601
228.5,1.910614
228.6,1.915219
228.7,1.913903
228.8,1.918179
228.9,1.915877
229,1.916206
229.1,1.91785
229.2,1.918837
229.3,1.912588
229.4,1.923112
229.5,1.91785
229.6,1.923112
229.7,1.918837
229.8,1.922454
229.9,1.92377
230,1.928045
230.1,1.928045
230.2,1.927059
230.3,1.927717
230.4,1.928703
230.5,1.930348
230.6,1.931992
230.7,1.934623
230.8,1.932979
230.9,1.930677
231,1.933308
231.1,1.937254
231.2,1.934623
231.3,1.934623
231.4,1.936268
231.5,1.937254
231.6,1.938899
231.7,1.937254
231.8,1.940214
231.9,1.939885
232,1.945148
232.1,1.943832
232.2,1.946463
232.3,1.945476
232.4,1.940214
232.5,1.946134
232.6,1.95041
232.7,1.949752
232.8,1.95337
232.9,1.946134
233,1.950739
233.1,1.956988
233.2,1.951068
233.3,1.951068
233.4,1.957316
233.5,1.958303
233.6,1.955672
233.7,1.955672
233.8,1.957645
233.9,1.964552
234,1.960605
234.1,1.963565
234.2,1.961592
234.3,1.960276
234.4,1.96521
234.5,1.966525
234.6,1.964223
234.7,1.963236
234.8,1.967512
234.9,1.964223
235,1.963565
235.1,1.970472
235.2,1.967512
235.3,1.966854
235.4,1.968827
235.5,1.975405
235.6,1.97409
235.7,1.978036
235.8,1.976392
235.9,1.973103
236,1.980996
236.1,1.976721
236.2,1.974747
236.3,1.978365
236.4,1.974419
236.5,1.98001
236.6,1.98297
236.7,1.985272
236.8,1.980339
236.9,1.98593
237,1.992178
237.1,1.989547
237.2,1.987574
237.3,1.989876
237.4,1.986916
237.5,1.987574
237.6,1.985272
237.7,1.988561
237.8,1.994481
237.9,1.992836
238,1.993494
238.1,1.994481
238.2,1.994481
238.3,1.990534
238.4,1.997441
238.5,1.997112
238.6,1.996783
238.7,2.001716
238.8,2.004018
238.9,2.002045
239,2.003361
239.1,2.005334
239.2,2.000401
239.3,2.007965
239.4,2.00665
239.5,2.00665
239.6,2.009609
239.7,2.008623
239.8,2.008294
239.9,2.009609
240,2.008952
240.1,2.010596
240.2,2.011254
240.3,2.006978
240.4,2.016516
240.5,2.012241
240.6,2.011254
240.7,2.011254
240.8,2.016187
240.9,2.018161
241,2.019147
241.1,2.024081
241.2,2.021778
241.3,2.025067
241.4,2.022765
241.5,2.019476
241.6,2.023752
241.7,2.026712
241.8,2.025725
241.9,2.026054
242,2.030987
242.1,2.026383
242.2,2.025396
242.3,2.027369
242.4,2.028685
242.5,2.036578
242.6,2.029014
242.7,2.039538
242.8,2.033947
242.9,2.034605
243,2.030987
243.1,2.033618
243.2,2.036249
243.3,2.034934
243.4,2.037565
243.5,2.040854
243.6,2.041183
243.7,2.036578
243.8,2.040525
243.9,2.036249
244,2.043485
244.1,2.043814
244.2,2.042827
244.3,2.04184
244.4,2.042498
244.5,2.043485
244.6,2.04776
244.7,2.053351
244.8,2.050063
244.9,2.047103
245,2.049076
245.1,2.049076
245.2,2.049734
245.3,2.051049
245.4,2.052365
245.5,2.052694
245.6,2.058285
245.7,2.055325
245.8,2.05368
245.9,2.058285
246,2.054996
246.1,2.055654
246.2,2.058285
246.3,2.066178
246.4,2.068151
246.5,2.065849
246.6,2.063547
246.7,2.069796
246.8,2.0596
246.9,2.066178
247,2.064534
247.1,2.063547
247.2,2.064534
247.3,2.065849
247.4,2.070783
247.5,2.076374
247.6,2.072756
247.7,2.075058
247.8,2.072427
247.9,2.075058
248,2.074071
248.1,2.071769
248.2,2.072756
248.3,2.076374
248.4,2.078676
248.5,2.074071
248.6,2.075387
248.7,2.08032
248.8,2.079334
248.9,2.079334
249,2.083609
249.1,2.087556
249.2,2.089858
249.3,2.082294
249.4,2.084596
249.5,2.082951
249.6,2.086898
249.7,2.088871
249.8,2.085911
249.9,2.090187
250,2.085254
250.1,2.100053
250.2,2.091174
250.3,2.091502
250.4,2.102027
250.5,2.096436
250.6,2.09512
250.7,2.096765
250.8,2.101369
250.9,2.099067
251,2.100711
251.1,2.098738
251.2,2.104
251.3,2.09808
251.4,2.100053
251.5,2.104987
251.6,2.103671
251.7,2.107289
251.8,2.103342
251.9,2.106302
252,2.111893
252.1,2.110249
252.2,2.114853
252.3,2.11584
252.4,2.117813
252.5,2.11584
252.6,2.116498
252.7,2.119458
252.8,2.115182
252.9,2.114525
253,2.118471
253.1,2.118142
253.2,2.118471
253.3,2.122747
253.4,2.119458
253.5,2.119787
253.6,2.120116
253.7,2.121431
253.8,2.123404
253.9,2.128996
254,2.130969
254.1,2.122418
254.2,2.125707
254.3,2.1336
254.4,2.128667
254.5,2.132613
254.6,2.131627
254.7,2.137218
254.8,2.134587
254.9,2.138862
255,2.136231
255.1,2.133929
255.2,2.138204
255.3,2.137218
255.4,2.143795
255.5,2.146755
255.6,2.139849
255.7,2.141164
255.8,2.148071
255.9,2.144124
256,2.15136
256.1,2.141164
256.2,2.145111
256.3,2.146427
256.4,2.146427
256.5,2.149387
256.6,2.152347
256.7,2.150702
256.8,2.150702
256.9,2.146755
257,2.150702
257.1,2.161555
257.2,2.154978
257.3,2.152675
257.4,2.156951
257.5,2.159253
257.6,2.161555
257.7,2.161227
257.8,2.157938
257.9,2.155635
258,2.162542
258.1,2.167475
258.2,2.165831
258.3,2.166489
258.4,2.164515
258.5,2.165173
258.6,2.16912
258.7,2.165173
258.8,2.171093
258.9,2.174711
259,2.173395
259.1,2.172738
259.2,2.172738
259.3,2.169449
259.4,2.174053
259.5,2.176355
259.6,2.170764
259.7,2.177671
259.8,2.177013
259.9,2.180302
260,2.182275
260.1,2.179315
260.2,2.183591
260.3,2.184578
260.4,2.182604
260.5,2.18688
260.6,2.192471
260.7,2.18392
260.8,2.182933
260.9,2.190169
261,2.185564
261.1,2.195102
261.2,2.195102
261.3,2.191813
261.4,2.193129
261.5,2.19576
261.6,2.201351
261.7,2.1928
261.8,2.197404
261.9,2.19872
262,2.195102
262.1,2.200035
262.2,2.204311
262.3,2.202666
262.4,2.204311
262.5,2.203653
262.6,2.205955
262.7,2.203653
262.8,2.205955
262.9,2.209902
263,2.210231
263.1,2.212204
263.2,2.212862
263.3,2.206613
263.4,2.212204
263.5,2.214506
263.6,2.21352
263.7,2.218782
263.8,2.211875
263.9,2.221084
264,2.224702
264.1,2.217795
264.2,2.226675
264.3,2.227333
264.4,2.227004
264.5,2.227662
264.6,2.218782
264.7,2.228648
264.8,2.227004
264.9,2.232924
265,2.22536
265.1,2.230951
265.2,2.231608
265.3,2.23424
265.4,2.233582
265.5,2.239173
265.6,2.236213
265.7,2.238844
265.8,2.239173
265.9,2.235884
266,2.241146
266.1,2.242791
266.2,2.241146
266.3,2.245751
266.4,2.239831
266.5,2.246079
266.6,2.246737
266.7,2.247066
266.8,2.247395
266.9,2.244435
267,2.247395
267.1,2.258906
267.2,2.253973
267.3,2.247724
267.4,2.261537
267.5,2.260879
267.6,2.254631
267.7,2.253973
267.8,2.258906
267.9,2.258906
268,2.252328
268.1,2.261208
268.2,2.264497
268.3,2.263182
268.4,2.259893
268.5,2.263182
268.6,2.266799
268.7,2.262524
268.8,2.267457
268.9,2.269759
269,2.269102
269.1,2.270417
269.2,2.266799
269.3,2.268444
269.4,2.272062
269.5,2.271404
269.6,2.276995
269.7,2.275022
269.8,2.276008
269.9,2.276337
270,2.276995
270.1,2.281928
270.2,2.283901
270.3,2.283244
270.4,2.279955
270.5,2.282586
270.6,2.282586
270.7,2.282915
270.8,2.286861
270.9,2.28719
271,2.29015
271.1,2.292453
271.2,2.284888
271.3,2.288177
271.4,2.288835
271.5,2.293768
271.6,2.29311
271.7,2.291137
271.8,2.301661
271.9,2.297386
272,2.298373
272.1,2.29607
272.2,2.295413
272.3,2.298701
272.4,2.29903
272.5,2.302319
272.6,2.303635
272.7,2.304621
272.8,2.304293
272.9,2.308239
273,2.306595
273.1,2.309555
273.2,2.31383
273.3,2.309555
273.4,2.311528
273.5,2.309226
273.6,2.306924
273.7,2.312515
273.8,2.313501
273.9,2.316132
274,2.311857
274.1,2.318764
274.2,2.315146
274.3,2.322052
274.4,2.318435
274.5,2.313172
274.6,2.321395
274.7,2.318106
274.8,2.318764
274.9,2.323697
275,2.312515
275.1,2.33455
275.2,2.328301
275.3,2.330275
275.4,2.327644
275.5,2.327972
275.6,2.33455
275.7,2.329617
275.8,2.337839
275.9,2.336523
276,2.333235
276.1,2.337839
276.2,2.344417
276.3,2.338497
276.4,2.338826
276.5,2.342772
276.6,2.339483
276.7,2.339155
276.8,2.343101
276.9,2.343101
277,2.345403
277.1,2.337839
277.2,2.346061
277.3,2.349021
277.4,2.345403
277.5,2.350995
277.6,2.349021
277.7,2.347706
277.8,2.348363
277.9,2.351323
278,2.350008
278.1,2.354612
278.2,2.356586
278.3,2.353297
278.4,2.356914
278.5,2.363163
278.6,2.362506
278.7,2.365137
278.8,2.36119
278.9,2.360203
279,2.36711
279.1,2.360203
279.2,2.36415
279.3,2.366452
279.4,2.362506
279.5,2.372043
279.6,2.365794
279.7,2.366452
279.8,2.368097
279.9,2.369741
280,2.367439
280.1,2.371386
280.2,2.376648
280.3,2.370399
280.4,2.379608
280.5,2.37599
280.6,2.376977
280.7,2.37895
280.8,2.377634
280.9,2.371714
281,2.377634
281.1,2.385199
281.2,2.379608
281.3,2.383554
281.4,2.382568
281.5,2.386185
281.6,2.38783
281.7,2.390132
281.8,2.391448
281.9,2.392105
282,2.392763
282.1,2.388488
282.2,2.389803
282.3,2.395394
282.4,2.393421
282.5,2.397039
282.6,2.392763
282.7,2.39967
282.8,2.397697
282.9,2.399999
283,2.399999
283.1,2.403288
283.2,2.401314
283.3,2.404932
283.4,2.398354
283.5,2.406248
283.6,2.400328
283.7,2.403288
283.8,2.413154
283.9,2.406905
284,2.408221
284.1,2.406905
284.2,2.411181
284.3,2.411181
284.4,2.415456
284.5,2.411839
284.6,2.416114
284.7,2.410852
284.8,2.412496
284.9,2.41447
285,2.420719
285.1,2.420719
285.2,2.412825
285.3,2.423679
285.4,2.42039
285.5,2.419732
285.6,2.420061
285.7,2.421705
285.8,2.423021
285.9,2.428941
286,2.428283
286.1,2.434203
286.2,2.428283
286.3,2.430585
286.4,2.434532
286.5,2.432887
286.6,2.432559
286.7,2.43223
286.8,2.438807
286.9,2.437492
287,2.435519
287.1,2.436176
287.2,2.432559
287.3,2.439794
287.4,2.442096
287.5,2.439136
287.6,2.444727
287.7,2.439794
287.8,2.445056
287.9,2.448345
288,2.447687
288.1,2.448345
288.2,2.446701
288.3,2.453279
288.4,2.448345
288.5,2.451305
288.6,2.449332
288.7,2.451305
288.8,2.451305
288.9,2.455581
289,2.450976
289.1,2.456896
289.2,2.454594
289.3,2.458212
289.4,2.456896
289.5,2.460185
289.6,2.45591
289.7,2.457225
289.8,2.462487
289.9,2.463474
290,2.456239
290.1,2.465118
290.2,2.470052
290.3,2.468736
290.4,2.468078
290.5,2.471696
290.6,2.473012
290.7,2.472683
290.8,2.474985
290.9,2.473341
291,2.47071
291.1,2.477287
291.2,2.472025
291.3,2.477616
291.4,2.477616
291.5,2.482221
291.6,2.480576
291.7,2.481234
291.8,2.483207
291.9,2.484852
292,2.480247
292.1,2.488798
292.2,2.484523
292.3,2.487483
292.4,2.490443
292.5,2.491101
292.6,2.488141
292.7,2.488141
292.8,2.492416
292.9,2.495376
293,2.496692
293.1,2.492745
293.2,2.497678
293.3,2.498336
293.4,2.497349
293.5,2.498336
293.6,2.498007
293.7,2.499981
293.8,2.495376
293.9,2.501954
294,2.498007
294.1,2.500638
294.2,2.496363
294.3,2.506558
294.4,2.506558
294.5,2.509518
294.6,2.513465
294.7,2.511492
294.8,2.512149
294.9,2.514123
295,2.518069
295.1,2.508532
295.2,2.513794
295.3,2.510176
295.4,2.517083
295.5,2.514452
295.6,2.521687
295.7,2.524318
295.8,2.520372
295.9,2.518727
296,2.512478
296.1,2.518398
296.2,2.5207
296.3,2.520043
296.4,2.519056
296.5,2.523332
296.6,2.524647
296.7,2.528594
296.8,2.526949
296.9,2.522016
297,2.526949
297.1,2.531554
297.2,2.531883
297.3,2.527278
297.4,2.530896
297.5,2.540434
297.6,2.531554
297.7,2.536816
297.8,2.537474
297.9,2.537803
298,2.537145
298.1,2.538131
298.2,2.534843
298.3,2.537145
298.4,2.542078
298.5,2.537803
298.6,2.543394
298.7,2.542736
298.8,2.546683
298.9,2.542736
299,2.545038
299.1,2.548985
299.2,2.542407
299.3,2.549314
299.4,2.551616
299.5,2.543723
299.6,2.55326
299.7,2.549643
299.8,2.54734
299.9,2.5503
300,2.553589
300.1,2.551287
300.2,2.555563
300.3,2.550629
300.4,2.557536
300.5,2.55918
300.6,2.55326
300.7,2.563785
300.8,2.566745
300.9,2.566745
301,2.5651
301.1,2.55622
301.2,2.563785
301.3,2.563127
301.4,2.565429
301.5,2.562469
301.6,2.569376
301.7,2.570034
301.8,2.570691
301.9,2.574309
302,2.570362
302.1,2.578914
302.2,2.578256
302.3,2.577927
302.4,2.572007
302.5,2.577269
302.6,2.577598
302.7,2.579242
302.8,2.576611
302.9,2.578914
303,2.57694
303.1,2.580558
303.2,2.585162
303.3,2.590754
303.4,2.589109
303.5,2.582202
303.6,2.58878
303.7,2.586478
303.8,2.595687
303.9,2.590425
304,2.598318
304.1,2.594371
304.2,2.591082
304.3,2.592069
304.4,2.596673
304.5,2.596016
304.6,2.59766
304.7,2.593713
304.8,2.596016
304.9,2.597989
305,2.593385
305.1,2.605225
305.2,2.602265
305.3,2.601607
305.4,2.605553
305.5,2.606869
305.6,2.601278
305.7,2.610158
305.8,2.610158
305.9,2.610158
306,2.611145
306.1,2.608513
306.2,2.611145
306.3,2.611473
306.4,2.611145
306.5,2.618051
306.6,2.617722
306.7,2.616078
306.8,2.614433
306.9,2.618709
307,2.61246
307.1,2.623313
307.2,2.616078
307.3,2.6243
307.4,2.626602
307.5,2.622984
307.6,2.627918
307.7,2.625287
307.8,2.62134
307.9,2.626602
308,2.626602
308.1,2.625287
308.2,2.631536
308.3,2.631864
308.4,2.635482
308.5,2.629562
308.6,2.632522
308.7,2.632522
308.8,2.629562
308.9,2.640087
309,2.634496
309.1,2.63022
309.2,2.634496
309.3,2.640416
309.4,2.640087
309.5,2.641073
309.6,2.645678
309.7,2.643047
309.8,2.645678
309.9,2.646664
310,2.643376
310.1,2.649624
310.2,2.650611
310.3,2.648309
310.4,2.652913
310.5,2.655544
310.6,2.649624
310.7,2.646664
310.8,2.654229
310.9,2.656202
311,2.654229
311.1,2.661135
311.2,2.652913
311.3,2.654558
311.4,2.652913
311.5,2.660807
311.6,2.657189
311.7,2.661793
311.8,2.666727
311.9,2.657518
312,2.66278
312.1,2.65982
312.2,2.664095
312.3,2.659162
312.4,2.664424
312.5,2.669358
312.6,2.669029
312.7,2.667055
312.8,2.674291
312.9,2.673962
313,2.671002
313.1,2.67758
313.2,2.671002
313.3,2.676922
313.4,2.668371
313.5,2.673633
313.6,2.675607
313.7,2.678566
313.8,2.678895
313.9,2.683829
314,2.679882
314.1,2.681198
314.2,2.682842
314.3,2.682184
314.4,2.679553
314.5,2.685144
314.6,2.68942
314.7,2.684486
314.8,2.685144
314.9,2.685144
315,2.691393
315.1,2.690406
315.2,2.684815
315.3,2.688104
315.4,2.688762
315.5,2.687775
315.6,2.693038
315.7,2.694024
315.8,2.688762
315.9,2.691064
316,2.69238
316.1,2.693366
316.2,2.695011
316.3,2.691064
316.4,2.701589
316.5,2.700273
316.6,2.700602
316.7,2.703891
316.8,2.701589
316.9,2.70422
317,2.704549
317.1,2.702904
317.2,2.70718
317.3,2.709482
317.4,2.70718
317.5,2.709153
317.6,2.708166
317.7,2.711784
317.8,2.718691
317.9,2.715731
318,2.710469
318.1,2.713757
318.2,2.7131
318.3,2.723624
318.4,2.718033
318.5,2.714415
318.6,2.723624
318.7,2.717375
318.8,2.720993
318.9,2.721322
319,2.71902
319.1,2.719349
319.2,2.718691
319.3,2.72198
319.4,2.717704
319.5,2.721651
319.6,2.721651
319.7,2.72494
319.8,2.719349
319.9,2.722637
320,2.721322
320.1,2.718691
320.2,2.720664
320.3,2.720006
320.4,2.72198
320.5,2.721651
320.6,2.726255
320.7,2.722637
320.8,2.715073
320.9,2.723953
321,2.725926
321.1,2.717375
321.2,2.721651
321.3,2.720993
321.4,2.723295
321.5,2.722309
321.6,2.722637
321.7,2.723953
321.8,2.726255
321.9,2.720993
322,2.72198
322.1,2.718033
322.2,2.720993
322.3,2.725269
322.4,2.728886
322.5,2.71902
322.6,2.72494
322.7,2.723953
322.8,2.724611
322.9,2.724611
323,2.725269
323.1,2.72198
323.2,2.725597
323.3,2.721651
323.4,2.721322
323.5,2.728886
323.6,2.725597
323.7,2.727571
323.8,2.730202
323.9,2.722966
324,2.724611
324.1,2.727242
324.2,2.729873
324.3,2.728229
324.4,2.731189
324.5,2.72198
324.6,2.720335
324.7,2.728229
324.8,2.723295
324.9,2.725926
325,2.7279
325.1,2.724282
325.2,2.724282
325.3,2.723295
325.4,2.653571
325.5,1.48339
325.6,0.721359
325.7,0.716426
325.8,0.75063
325.9,0.971971
326,2.96437
326.1,3.083756
326.2,3.100201
326.3,3.104147
326.4,3.098885
326.5,3.103818
326.6,3.103818
326.7,3.095925
326.8,3.091321
326.9,3.07093
327,3.058103
327.1,3.048236
327.2,3.032779
327.3,3.01173
327.4,3.003836
327.5,2.99101
327.6,2.984761
327.7,2.978841
327.8,2.966014
327.9,2.944966
328,2.945294
328.1,2.93181
328.2,2.925232
328.3,2.911419
328.4,2.895304
328.5,2.895304
328.6,2.888726
328.7,2.879517
328.8,2.876557
328.9,2.862415
329,2.859455
329.1,2.84597
329.2,2.845641
329.3,2.83413
329.4,2.830841
329.5,2.822619
329.6,2.818344
329.7,2.813082
329.8,2.804859
329.9,2.800255
